arab__Arabic.traineddata__Arabic__arabic
armn__Armenian.traineddata__Armenian__armenian
beng__Bengali.traineddata__Bengali__bengali
cans__Canadian_Aboriginal.traineddata__Canadian Aboriginal__canadian_aboriginal
cher__Cherokee.traineddata__Cherokee__cherokee
cyrl__Cyrillic.traineddata__Cyrillic__cyrillic
deva__Devanagari.traineddata__Devanagari__devanagari
ethi__Ethiopic.traineddata__Ethiopic__ethiopic
frak__Fraktur.traineddata__Fraktur__fraktur
geor__Georgian.traineddata__Georgian__georgian
grek__Greek.traineddata__Greek__greek
gujr__Gujarati.traineddata__Gujarati__gujarati
guru__Gurmukhi.traineddata__Gurmukhi__gurmukhi
hans__HanS.traineddata__Han - Simplified__han_simplified
hans-vert__HanS_vert.traineddata__Han - Simplified (vertical)__han_simplified_vert
hant__HanT.traineddata__Han - Traditional__han_traditional
hant-vert__HanT_vert.traineddata__Han - Traditional (vertical)__han_traditional_vert
hang__Hangul.traineddata__Hangul__hangul
hang-vert__Hangul_vert.traineddata__Hangul (vertical)__hangul_vert
hebr__Hebrew.traineddata__Hebrew__hebrew
jpan__Japanese.traineddata__Japanese__japanese
jpan-vert__Japanese_vert.traineddata__Japanese (vertical)__japanese_vert
knda__Kannada.traineddata__Kannada__kannada
khmr__Khmer.traineddata__Khmer__khmer
laoo__Lao.traineddata__Lao__lao
latn__Latin.traineddata__Latin__latin
mlym__Malayalam.traineddata__Malayalam__malayalam
mymr__Myanmar.traineddata__Myanmar__myanmar
orya__Oriya.traineddata__Oriya (Odia)__oriya
sinh__Sinhala.traineddata__Sinhala__sinhala
syrc__Syriac.traineddata__Syriac__syriac
taml__Tamil.traineddata__Tamil__tamil
telu__Telugu.traineddata__Telugu__telugu
thaa__Thaana.traineddata__Thaana__thaana
thai__Thai.traineddata__Thai__thai
tibt__Tibetan.traineddata__Tibetan__tibetan
viet__Vietnamese.traineddata__Vietnamese__vietnamese
