bul__Bulgarian__bulgarian
cat__Catalan__catalan
ces__Czech__czech
dan-frak__Danish (Fraktur)__danish_fraktur
dan__Danish__danish
deu__German__german
deu-frak__German (Fraktur)__german_fraktur
ell__Greek__greek
eng__English__english
fin__Finnish__finnish
fra__French__french
hun__Hungarian__hungarian
ind__Indonesian__indonese
ita__Italian__italian
lav__Latvian__latvian
lit__Lithuanian__lithuanian
nld__Dutch__dutch
nor__Norwegian__norwegian
pol__Polish__polish
por__Portuguese__portuguese
ron__Romanian__romanian
rus__Russian__russian
slk__Slovakian__slovak
slv__Slovenian__slovenian
spa__Spanish__spanish
srp__Serbian__serbian
swe__Swedish__swedish
tgl__Tagalog__tagalog
tur__Turkish__turkish
ukr__Ukrainian__ukrainian
vie__Vietnamese__vietnamese
chi-sim__Chinese - Simplified__chinese_simplified
chi-tra__Chinese - Traditional__chinese_traditional
amh__Amharic__amharic
asm__Assamese__assamese
aze-cyrl__Azerbaijani (Cyrillic)__azerbaijani_cyrillic
bod__Tibetan Standard__tibetan_standard
bos__Bosnian__bosnian
ceb__Cebuano__cebuano
cym__Welsh__welsh
dzo__Dzongkha__dzongkha
fas__Persian__persian
gle__Irish__irish
guj__Gujarati__gujarati
hat__Haitian__haitian
iku__Inuktitut__inuktitut
jav__Javanese__javanese
kat__Georgian__georgian
kat-old__Old Georgian__georgian_old
kaz__Kazakh__kazakh
khm__Khmer__khmer
kir__Kyrgyz__kyrgyz
kur__Kurdish__kurdish
lao__Lao__lao
lat__Latin__latin
mar__Marathi__marathi
mya__Burmese__burmese
nep__Nepali__nepali
ori__Oriya__oriya
pan__Punjabi__punjabi
pus__Pashto__pashto
san__Sanskrit__sanskrit
sin__Sinhala__sinhala
srp-latn__Serbian (Latin)__serbian_latin
syr__Syriac__syriac
tgk__Tajik__tajik
tir__Tigrinya__tigrinya
uig__Uyghur__uyghur
urd__Urdu__urdu
uzb__Uzbek__uzbek
uzb-cyrl__Uzbek (Cyrillic)__uzbek_cyrillic
yid__Yiddish__yiddish
equ__equations__math_equation
osd__script and orientation__orientation_and_script_detection
afr__Afrikaans__afrikaans
ara__Arabic__arabic
aze__Azerbaijani__azerbaijani
bel__Belarusian__belarusian
ben__Bengali__bengali
chr__Cherokee__cherokee
enm__English, Middle (1100-1500)__english_middle
epo__Esperanto__esperanto
est__Estonian__estonian
eus__Basque__basque
frk__German (Fraktur)__german_fraktur
frm__French, Middle (ca.1400-1600)__french_middle
glg__Galician__galician
grc__Greek, Ancient (to 1453)__greek_ancient
heb__Hebrew__hebrew
hin__Hindi__hindi
hrv__Croatian__croatian
isl__Icelandic__icelandic
ita-old__Italian - Old__italian_old
jpn__Japanese__japanese
kan__Kannada__kannada
kor__Korean__korean
mal__Malayalam__malayalam
mkd__Macedonian__macedonian
mlt__Maltese__maltese
msa__Malay__malay
slk-frak__Slovak (Fraktur)__slovak_fraktur
spa-old__Spanish, Castilian - Old__spanish_old
sqi__Albanian__albanian
swa__Swahili__swahili
tam__Tamil__tamil
tel__Telugu__telugu
tha__Thai__thai
bre__Breton__breton
chi-sim-vert__Chinese - Simplified (vertical)__chinese_simplified_vert
chi-tra-vert__Chinese - Traditional (vertical)__chinese_traditional_vert
cos__Corsican__corsican
div__Divehi__divehi
fao__Faroese__faroese
fil__Filipino__filipino
fry__Frisian (Western)__frisian_western
gla__Gaelic (Scots)__gaelic_scots
hye__Armenian__armenian
jpn-vert__Japanese (vertical)__japanese_vert
kor-vert__Korean (vertical)__korean_vert
kmr__Kurmanji (Latin)__kurmanji_latin
kur-ara__Kurdish (Arabic)__kurdish_arabic
ltz__Luxembourgish__luxembourgish
mon__Mongolian__mongolian
mri__Maori__maori
oci__Occitan (post 1500)__occitan
que__Quechua__quechua
snd__Sindhi__sindhi
sun__Sundanese__sundanese
tat__Tatar__tatar
ton__Tonga__tonga
yor__Yoruba__yoruba
